{
    "profiles": [
        {
            "devices": [],
            "fn_function_keys": {
                "f1": "mute",
                "f10": "illumination_increment",
                "f11": "display_brightness_decrement",
                "f12": "display_brightness_increment",
                "f2": "volume_decrement",
                "f3": "volume_increment",
                "f4": "rewind",
                "f5": "play_or_pause",
                "f6": "fastforward",
                "f7": "f11",
                "f8": "mission_control",
                "f9": "launchpad"
            },
            "name": "Default profile",
            "selected": true,
            "simple_modifications": {},
            "virtual_hid_keyboard": {
                "caps_lock_delay_milliseconds": 0,
                "keyboard_type": "ansi"
            }
        }
    ]
}
